ip,anonymityLevel,asn,country,isp,latency,org,port,protocols,responseTime,speed,updated_at,upTime,upTimeSuccessCount,upTimeTryCount
"103.210.29.201","elite","AS134922","IN","R G TECHNOSOLUTIONS PVT LTD","171","R G Technosolutions PVT LTD","31433","socks4","34","1","2023-01-26T11:08:40.548Z","99","906","915"
"83.136.176.72","elite","AS209581","ES","Wicat","58","GUARICO CONSTRUMAT, S.L","4145","socks4","42","1","2023-01-26T11:08:40.395Z","100","806","809"
"185.203.243.160","elite","AS204601","NL","Zomro B.V.","13","Zomro B.V","24522","socks4","42","1","2023-01-26T11:08:39.454Z","100","793","796"
"47.242.155.132","elite","AS45102","HK","Alibaba.com LLC","260","Hong Kong","10900","socks4","52","1","2023-01-26T11:08:38.068Z","99","835","841"
"117.54.236.1","elite","AS9340","ID","PT IndoInternet","193","N/A","443","socks4","52","1","2023-01-26T11:08:37.262Z","100","875","878"
"37.186.125.202","elite","AS49800","AM","GNC-Alfa CJSC","82","GNC","5678","socks4","40","1","2023-01-26T11:08:36.547Z","100","859","862"
"181.78.15.115","anonymous","AS52468","CO","IFX Networks Argentina S.R.L","163","UFINET COLOMBIA, S. A","999","http","42","353","2023-01-26T11:08:36.052Z","100","859","860"
"191.253.106.140","elite","AS28343","BR","Unifique Telecomunicações SA","232","Unifique Telecomunicações SA","8080","socks4","73","1","2023-01-26T11:08:34.419Z","100","879","879"
"190.109.72.33","elite","AS264231","BR","RG.COM - INFORMATICA & COMUNICACAO LTDA - ME","190","RG.COM - INFORMATICA & COMUNICACAO LTDA - ME","33633","socks4","40","1","2023-01-26T11:08:34.663Z","99","848","855"
"172.67.38.96","elite","AS13335","US","Cloudflare, Inc.","1","Cloudflare, Inc.","80","socks5","39","1","2023-01-26T11:08:34.212Z","100","863","863"
"175.173.223.104","elite","AS4837","CN","China Unicom Liaoning Province Network","188","N/A","28643","socks5","37","1","2023-01-26T11:08:34.806Z","75","657","880"
"180.158.149.28","elite","AS4812","CN","China Telecom (Group)","181","Chinanet SH","2080","socks5","35","1","2023-01-26T11:08:34.249Z","20","174","883"
"173.82.252.159","elite","AS35916","US","Multacom Corporation","144","Multacom Corporation","22318","socks5","41","1","2023-01-26T11:08:34.420Z","69","601","869"
"36.89.245.65","anonymous","AS7713","ID","PT. Telekomunikasi Indonesia","196","Telekomunikasi Indonesia","8080","http","48","463","2023-01-26T11:08:33.424Z","97","779","800"
"188.255.244.45","elite","AS52116","RS","Orion Telekom ISP IP Network in Subotica","36","Orion Telekom Tim d.o.o.Beograd","1080","socks4","173","1","2023-01-26T11:08:33.633Z","100","891","891"
"173.195.27.149","elite","AS11976","US","Fidelity Communication International Inc.","115","Fidelity Communication International Inc.","10091","socks4","47","1","2023-01-26T11:08:33.364Z","100","882","884"
"91.121.109.60","elite","AS16276","FR","OVH SAS","5","OVH ISP","30183","socks5","48","1","2023-01-26T11:08:33.042Z","100","846","849"
"128.140.161.126","elite","AS12714","RU","Net By Net Holding LLC","77","NetByNet","3629","socks4","39","1","2023-01-26T11:08:33.668Z","96","864","900"
"167.249.168.126","elite","AS262503","BR","Wiki Telecomunicacoes Eireli","190","Wiki Telecomunicacoes Eireli","4145","socks4","36","1","2023-01-26T11:08:33.934Z","99","850","862"
"203.99.57.145","elite","AS23674","PK","Nayatel (Pvt) Ltd","169","Micronet","5678","socks4","51","1","2023-01-26T11:08:32.218Z","100","854","857"
"103.105.40.97","elite","AS137143","IN","Minnal Digital Network Private Limited","160","Minnal Digital Network Private Limited","4145","socks4","47","1","2023-01-26T11:08:32.966Z","100","880","880"
"49.247.24.133","elite","AS38700","KR","SMILESERV","229","SMILESERV","3128","http","54","459","2023-01-26T11:08:32.576Z","70","556","800"
"41.33.86.242","anonymous","AS8452","EG","TE Data","198","N/A","8080","http","203","500","2023-01-26T11:08:31.335Z","88","718","816"
"95.42.55.92","elite","AS8866","BG","BTC-BROADBAND","34","BTC Plc","4145","socks4","48","1","2023-01-26T11:08:31.212Z","97","866","897"
"177.105.68.214","elite","AS262637","BR","Netprimus Tecnologia Ltda","190","Netprimus Tecnologia Ltda","4153","socks4","87","1","2023-01-26T11:08:31.244Z","99","867","872"
"103.116.202.241","elite","AS58495","ID","PT Parsaoran Global Datatrans","174","PT DUTA VISUAL NUSANTARA TIVI TUJUH","5678","socks4","44","1","2023-01-26T11:08:31.918Z","97","859","890"
"102.66.237.37","elite","AS328471","ZA","HERO TELECOMS (PTY) LTD","187","Herotel","5678","socks4","58","1","2023-01-26T11:08:31.502Z","56","459","821"
"116.68.207.233","elite","AS23923","BD","Agni Systems Ltd. Main-1b","158","Agni Systems Ltd.","1080","socks4","59","1","2023-01-26T11:08:30.986Z","99","891","897"
"85.143.213.2","elite","AS201848","RU","Trader soft LLC","40","TIMES","9050","socks5","64","1","2023-01-26T11:08:30.226Z","98","844","857"
"182.53.96.56","elite","AS23969","TH","TOT Public Company Limited","157","TOT Public Company Limited","4145","socks4","45","1","2023-01-26T11:08:30.503Z","100","799","800"
"50.47.75.214","elite","AS20055","US","Wholesail networks LLC","160","Ziply Fiber","5678","socks4","132","1","2023-01-26T11:08:30.088Z","100","893","897"
"49.48.34.223","elite","AS45629","TH","Triple T Broadband Public Company Limited","175","Triple T Broadband Public Company Limited","4145","socks4","110","1","2023-01-26T11:08:30.327Z","92","842","914"
"120.79.112.57","elite","AS37963","CN","Hangzhou Alibaba Advertising Co","211","Aliyun Computing Co., LTD","51281","socks5","66","1","2023-01-26T11:08:30.519Z","90","797","884"
"115.242.204.122","elite","AS55836","IN","Reliance Jio Infocomm Limited","162","Reliance Communication Ltd","5678","socks4","56","1","2023-01-26T11:08:30.337Z","58","529","915"
"31.172.66.22","elite","AS49063","RU","FORNEX","45","Fornex Hosting S.L.","20466","socks4","36","1","2023-01-26T11:08:30.437Z","100","883","884"
"62.201.212.198","elite","AS44217","IQ","NETWORKS-SULY1","78","N/A","4673","socks4","43","1","2023-01-26T11:08:30.349Z","99","906","917"
"43.153.81.60","elite","AS132203","US","Shenzhen Tencent Computer Systems Company Limited","148","Tencent Cloud Computing","443","socks4","46","1","2023-01-26T11:08:29.284Z","51","447","873"
"103.82.11.209","elite","AS136156","BD","FNF Online","189","N/A","4153","socks4","211","1","2023-01-26T11:08:29.569Z","99","874","884"
"113.218.241.187","elite","AS4134","CN","Chinanet","211","Chinanet HN","7890","socks4","52","1","2023-01-26T11:08:29.533Z","65","573","879"
"119.18.152.138","elite","AS55685","ID","PT. Jala Lintas Media","160","N/A","4145","socks4","70","1","2023-01-26T11:08:29.490Z","99","881","889"
"203.205.55.161","elite","AS45903","VN","CMC Telecom Infrastructure Company","208","CMC Telecom Infrastructure Company","5678","socks4","77","1","2023-01-26T11:08:29.497Z","98","870","884"
"69.163.164.68","elite","AS26347","US","New Dream Network, LLC","151","New Dream Network, LLC","49538","socks4","147","1","2023-01-26T11:08:29.586Z","100","916","916"
"183.89.117.134","elite","AS45629","TH","Triple T Broadband Public Company Limited","177","Triple T Broadband Public Company Limited","4145","socks4","137","1","2023-01-26T11:08:29.587Z","100","908","911"
"178.35.177.242","elite","AS33934","RU","Volgograd Electro Svyaz","74","OJSC Rostelecom Macroregional Branch South","3629","socks4","34","1","2023-01-26T11:08:29.491Z","91","726","798"
"103.105.212.106","elite","AS137239","PH","Fil Products Service Television Incorporated","212","Fpsti LL","53281","http","67","495","2023-01-26T11:08:29.487Z","98","786","804"
"193.8.87.43","elite","AS197698","CZ","D-H-T SYSTEMS s.r.o.","23","D-H-T SYSTEMS s.r.o","4444","socks4","111","1","2023-01-26T11:08:29.015Z","100","830","831"
"162.216.204.146","elite","AS55142","US","Newbreak Management Co. LLC","127","Newbreak Management Co. LLC","1080","socks4","39","1","2023-01-26T11:08:29.804Z","93","845","910"
"198.8.94.170","elite","AS46562","US","Performive LLC","133","Total Server Solutions L.L.C","4145","socks5","137","1","2023-01-26T11:08:28.037Z","96","765","800"
"64.224.255.173","anonymous","AS395748","US","NetSpeed LLC","77","NetSpeed LLC","8080","http","36","391","2023-01-26T11:08:28.506Z","100","870","872"
"177.105.68.121","elite","AS262637","BR","Netprimus Tecnologia Ltda","196","Netprimus Tecnologia Ltda","4153","socks4","48","1","2023-01-26T11:08:28.826Z","100","890","894"
"103.52.144.49","anonymous","AS59147","ID","PT Bandhawa Tri Tirta","162","N/A","8080","http","37","334","2023-01-26T11:08:28.877Z","99","811","817"
"89.252.12.123","elite","AS31148","UA","FREENET","37","N/A","5678","socks4","111","1","2023-01-26T11:08:28.482Z","76","667","882"
"223.25.101.86","elite","AS9341","ID","PT Indonesia Comnets Plus","191","Sinerginet","5678","socks4","56","1","2023-01-26T11:08:28.002Z","97","775","797"
"75.119.202.21","elite","AS26347","US","New Dream Network, LLC","151","New Dream Network, LLC","15745","socks5","342","1","2023-01-26T11:08:28.447Z","100","897","897"
"93.83.108.58","elite","AS8447","AT","HIGHWAY194","34","HS Hotel & Ski GmbH","4153","socks4","104","1","2023-01-26T11:08:28.483Z","100","876","878"
"202.43.237.50","elite","AS133115","HK","HK Kwaifong Group Limited","324","HK Kwaifong Group Limited","8009","socks5","100","1","2023-01-26T11:08:28.117Z","98","899","916"
"180.121.174.94","elite","AS4134","CN","Chinanet","211","Chinanet JS","1080","socks5","148","1","2023-01-26T11:08:28.470Z","98","822","837"
"103.94.133.91","elite","AS136128","ID","PT CITRA AKSES INDONUSA","181","PT CITRA AKSES INDONUSA","4153","socks4","86","1","2023-01-26T11:08:28.484Z","99","905","916"
"64.90.54.17","elite","AS26347","US","New Dream Network, LLC","151","New Dream Network, LLC","63770","socks5","59","1","2023-01-26T11:08:28.495Z","100","831","831"
"212.83.142.149","elite","AS12876","FR","Online S.A.S.","1","ONLINE","52542","socks5","94","1","2023-01-26T11:08:28.482Z","100","891","893"
"62.171.137.122","elite","AS51167","DE","Contabo GmbH","15","Contabo GmbH","61568","socks5","106","1","2023-01-26T11:08:28.074Z","100","838","841"
"192.12.113.246","elite","AS266144","BR","Rosana Ferreira da Silva Multimidia ME","159","Rosana Ferreira da Silva Multimidia ME","4145","socks4","139","1","2023-01-26T11:08:28.471Z","27","241","898"
"95.143.8.182","elite","AS31059","RU","Avelacom Khabarovsk","151","N/A","50285","socks4","112","6","2023-01-26T11:08:28.455Z","57","492","860"
"138.122.147.122","anonymous","AS18734","MX","Operbes, S.A. de C.V.","168","Operbes, S.A. de C.V.","8080","http","60","343","2023-01-26T11:08:28.999Z","99","795","799"
"61.177.74.118","elite","AS4134","CN","Chinanet","187","Changzhou JT Newcentury Corp","20001","socks5","114","1","2023-01-26T11:08:28.483Z","97","850","877"
"176.58.121.182","elite","AS63949","GB","Linode, LLC","9","Linode","3128","socks5","62","1","2023-01-26T11:08:28.211Z","34","278","816"
"110.77.161.197","elite","AS131090","TH","CAT-BB","165","N/A","4145","socks4","155","1","2023-01-26T11:08:28.470Z","84","676","804"
"173.212.213.133","anonymous","AS51167","DE","Contabo GmbH","15","Contabo GmbH","3128","http","35","159","2023-01-26T11:08:28.030Z","100","915","915"
"37.235.31.27","elite","AS206065","IR","Farabord Dadeh Haye Iranian Co.","123","N/A","9091","socks5","101","1","2023-01-26T11:08:28.033Z","91","729","801"
"109.125.132.244","elite","AS49100","IR","PTS-Network","137","N/A","30319","socks4","74","1","2023-01-26T11:08:28.447Z","74","667","906"
"178.128.221.243","elite","AS14061","SG","DigitalOcean, LLC","171","Digitalocean","26323","socks5","128","1","2023-01-26T11:08:27.763Z","99","909","915"
"119.42.67.72","elite","AS131090","TH","CAT-BB","182","N/A","4145","socks4","125","1","2023-01-26T11:08:27.896Z","26","220","838"
"203.89.126.250","elite","AS136215","BD","SB NETWORK","201","Mohammad Masfiequr Rahaman & Rony Saha","80","http","330","445","2023-01-26T11:08:27.256Z","99","793","801"
"185.64.105.82","elite","AS61272","LT","Informacines sistemos ir technologijos, UAB","36","BACLOUD-COM","9050","socks4","71","1","2023-01-26T11:08:27.138Z","100","896","897"
"37.131.164.39","elite","AS35745","PL","KSU Provector Network","39","N/A","59341","socks4","85","1","2023-01-26T11:08:27.387Z","100","911","911"
"1.179.194.137","elite","AS131293","TH","TOT Public Company Limited","185","TOT Public Company Limited","4153","socks4","194","1","2023-01-26T11:08:27.762Z","99","872","881"
"104.25.251.18","elite","AS13335","CA","Cloudflare, Inc.","1","Cloudflare, Inc.","80","socks4","224","1","2023-01-26T11:08:27.642Z","100","858","859"
"141.98.235.233","elite","AS52000","US","MIRholding B.V.","79","PE Viktor Tyurin","5555","socks4","203","1","2023-01-26T11:08:27.670Z","54","497","916"
"103.95.97.53","elite","AS136759","BD","Cosmopolitan Communications Limited","274","Cosmopolitan Communications Limited","4153","socks4","55","1","2023-01-26T11:08:27.537Z","99","897","910"
"185.195.129.116","elite","AS212696","IT","Wicomm SRLS","56","Wicomm SRLS","4153","socks4","224","1","2023-01-26T11:08:27.816Z","91","835","916"
"103.251.222.9","elite","AS58972","IN","BHOMIKA","139","Bhomika","4145","socks4","46","1","2023-01-26T11:08:27.637Z","99","862","868"
"203.202.249.2","anonymous","AS24323","BD","Aamra Networks Limited","173","Aamra Networks Limited","8080","http","511","370","2023-01-26T11:08:27.139Z","99","790","801"
"178.212.54.137","elite","AS197025","PL","Lubuskie Sieci Swiatlowodowe Sp. z o. o.","47","Lubuskie Sieci Swiatlowodowe Sp. z o. o","5678","socks4","87","1","2023-01-26T11:08:27.891Z","99","853","864"
"103.208.200.222","elite","AS133275","IN","Gigantic","165","N/A","4670","socks4","89","1","2023-01-26T11:08:27.954Z","99","868","874"
"200.106.202.187","elite","AS271270","BR","Costa Net","230","Costa","5678","socks4","350","1","2023-01-26T11:08:27.643Z","62","558","905"
"185.132.228.237","elite","AS210238","IT","Dieffeitalia.it S.r.l.","30","Dieffeitalia.it S.r.l","4145","socks4","124","1","2023-01-26T11:08:27.141Z","98","873","890"
"39.108.102.73","elite","AS37963","CN","Hangzhou Alibaba Advertising Co","213","Aliyun Computing Co., LTD","5100","socks5","151","1","2023-01-26T11:08:26.803Z","91","740","817"
"129.226.92.230","elite","AS132203","SG","Tencent Cloud Computing (Beijing) Co","325","Aceville Pte.ltd","443","socks4","291","1","2023-01-26T11:08:26.690Z","92","828","897"
"117.83.173.216","elite","AS140292","CN","China Telecom","213","Chinanet JS","23456","socks5","52","1","2023-01-26T11:08:26.720Z","30","252","841"
"37.111.50.254","elite","AS133385","MM","Atom Myanmar Limited","189","Telenor Myanmar","4153","socks4","133","1","2023-01-26T11:08:26.341Z","96","865","899"
"202.4.107.70","elite","AS23956","BD","dhakaCom Limited","184","DhakaCom Limited","5678","socks4","79","1","2023-01-26T11:08:26.685Z","97","814","839"
"89.144.26.146","elite","AS12586","DE","GHOSTnet GmbH","10","cloud-interactive.de","17086","socks4","173","1","2023-01-26T11:08:26.478Z","99","805","817"
"115.127.103.82","elite","AS24342","BD","BRACNet Limited","201","BRACNet Limited","4673","socks4","80","1","2023-01-26T11:08:26.827Z","91","819","904"
"38.127.172.167","elite","AS174","US","Cogent Communications","79","Torlandia Trading SRL","46656","socks4","44","4","2023-01-26T11:08:26.868Z","100","848","849"
"103.120.135.229","elite","AS38235","KH","Angkor Data Communication","183","N/A","33427","socks5","41","1","2023-01-26T11:08:26.774Z","99","787","797"
"139.162.102.215","elite","AS63949","JP","Linode, LLC","254","Linode, LLC","38118","http","38","289","2023-01-26T11:08:26.431Z","100","853","854"
"139.162.253.106","anonymous","AS63949","GB","Linode, LLC","8","Linode, LLC","3128","http","60","46","2023-01-26T11:08:26.022Z","100","893","893"
"141.105.107.34","elite","AS200064","ES","Red digital de telecomunicaciones de las Islas Baleares S.L","62","Ibred","5678","socks4","125","1","2023-01-26T11:08:26.825Z","100","819","820"
"23.106.219.181","elite","AS396190","US","Leaseweb USA, Inc.","146","LeaseWeb USA, Inc. Seattle","32129","socks4","163","1","2023-01-26T11:08:26.779Z","100","885","885"
"89.22.17.62","elite","AS48166","RU","Fortex Cjsc","47","Fortex AS48166","43110","socks4","187","1","2023-01-26T11:08:26.799Z","100","915","916"
"94.43.64.47","elite","AS35805","GE","JSC \"Silknet\"","85","Silknet - 4","5678","socks4","351","1","2023-01-26T11:08:26.515Z","100","908","910"
"75.119.207.148","elite","AS26347","US","New Dream Network, LLC","151","New Dream Network, LLC","32238","socks4","477","1","2023-01-26T11:08:26.767Z","100","901","901"
"186.251.254.253","elite","AS267513","BR","Seanet Telecom Carazinho Eireli","212","Seanet Telecom Carazinho Eireli","31337","socks4","125","1","2023-01-26T11:08:26.808Z","100","910","912"
"177.184.67.85","elite","AS52898","BR","Multipla Serviços Inteligentes","237","Multipla Serviços Inteligentes","4145","socks4","88","1","2023-01-26T11:08:26.826Z","100","852","853"
"103.79.96.165","elite","AS64308","ID","PT IndoDev Niaga Internet","198","PT IndoDev Niaga Internet","4153","socks4","39","1","2023-01-26T11:08:25.773Z","100","892","894"
"103.233.154.19","elite","AS17451","ID","BIZNET","192","N/A","4145","socks4","376","1","2023-01-26T11:08:25.702Z","100","912","912"
"182.46.115.85","elite","AS4134","CN","Chinanet","215","Chinanet SD","9999","socks4","44","1","2023-01-26T11:08:25.071Z","45","366","821"
"59.32.37.90","elite","AS4134","CN","Chinanet","214","Chinanet GD","3128","socks4","53","1","2023-01-26T11:08:25.713Z","69","606","877"
"203.30.189.85","elite","AS209242","BZ","Cloudflare London","1","Umpire Associates LTD","80","socks4","75","1","2023-01-26T11:08:25.490Z","100","892","892"
"36.89.60.101","elite","AS7713","ID","PT. Telekomunikasi Indonesia","168","Telekomunikasi Indonesia","5678","socks4","187","1","2023-01-26T11:08:25.708Z","97","827","856"
"93.159.189.154","elite","AS62201","PL","Krzysztof Trzop trading as KTM Telekom","26","Ktmtelekom Network","4153","socks4","378","1","2023-01-26T11:08:25.010Z","97","888","914"
"50.250.205.21","elite","AS7922","US","Comcast Cable Communications, LLC","162","Comcast Cable Communications, LLC","32100","socks4","339","1","2023-01-26T11:08:25.705Z","100","821","821"
"93.171.224.41","elite","AS211570","UA","PE TV and Radio Company Kentavr-TV","58","PE TV and Radio Company Kentavr-TV","4153","socks4","121","1","2023-01-26T11:08:25.489Z","98","897","916"
"163.53.205.161","elite","AS58898","IN","Rainbow communications India Pvt Ltd","249","Rainbow communications India Pvt Ltd","4153","socks4","330","1","2023-01-26T11:08:25.706Z","100","882","884"
"102.66.237.36","elite","AS328471","ZA","HERO TELECOMS (PTY) LTD","188","Herotel","5678","socks4","166","1","2023-01-26T11:08:25.709Z","51","437","849"
"43.134.168.21","elite","AS132203","SG","Aceville Pte.ltd","241","N/A","443","socks4","533","1","2023-01-26T11:08:25.403Z","91","790","868"
"185.97.122.253","elite","AS200752","IT","Unitel S.R.L.","61","Spinnaker Srl","4153","socks4","220","1","2023-01-26T11:08:25.707Z","94","837","889"
"202.148.30.6","elite","AS38778","ID","PT. Dutakom Wibawa Putra","222","N/A","5678","socks4","318","3","2023-01-26T11:08:25.012Z","99","843","852"
"140.83.51.186","elite","AS31898","JP","Oracle Corporation","247","Oracle Cloud Infrastructure (ap-osaka-1)","1080","socks4","283","1","2023-01-26T11:08:25.045Z","83","752","905"
"125.75.127.191","elite","AS4134","CN","Chinanet","188","Chinanet GS","1111","socks5","68","1","2023-01-26T11:08:25.772Z","28","245","878"
"200.43.231.9","elite","AS7303","AR","Telecom Argentina S.A.","270","Telecom Argentina S.A","4153","socks4","305","1","2023-01-26T11:08:25.327Z","99","909","916"
"185.66.59.217","elite","AS200509","ES","Solucions Valencianes i Noves Tecnologies SL","23","Svint","42647","socks4","564","1","2023-01-26T11:08:25.401Z","100","797","797"
"94.20.21.15","elite","AS29049","AZ","Delta Telecom","95","N/A","4153","socks4","433","1","2023-01-26T11:08:25.161Z","99","866","871"
"170.79.182.82","elite","AS264800","AR","Techtron Argentina S.A.","274","Techtron Argentina S.A","11337","socks4","348","1","2023-01-26T11:08:25.705Z","99","895","900"
"103.76.190.37","elite","AS135758","IN","Alacriy Net System Service Private Limited","162","Alacriy Net System Service Private Limited","31756","socks4","366","1","2023-01-26T11:08:25.703Z","98","899","913"
"189.195.176.99","elite","AS13999","MX","Mega Cable, S.A. de C.V.","169","Mega Cable, S.A. de C.V","5678","socks4","176","1","2023-01-26T11:08:25.708Z","97","888","916"
"188.163.170.130","elite","AS15895","UA","Kyivstar UA","48","Kyivstar LLC","35578","socks4","49","1","2023-01-26T11:08:24.295Z","86","787","916"
"115.159.65.66","elite","AS45090","CN","Shenzhen Tencent Computer Systems Company Limited","221","Tencent cloud computing (Beijing) Co., Ltd.","7302","socks5","578","1","2023-01-26T11:08:24.763Z","98","824","837"
"160.16.125.237","elite","AS9370","JP","SAKURA Internet Inc.","252","SAKURA Internet Inc.","3030","socks5","65","1","2023-01-26T11:08:24.297Z","100","820","821"
"159.138.54.27","elite","AS136907","HK","Huawei International Pte. Ltd.","250","N/A","24388","socks5","89","1","2023-01-26T11:08:24.105Z","100","854","857"
"110.78.149.235","elite","AS131090","TH","CAT-BB","172","N/A","4145","socks4","602","1","2023-01-26T11:08:24.867Z","72","656","911"
"128.65.182.103","elite","AS43754","IR","Asiatech Data Transmission company","220","Asiatech Data Transmission Co.","5678","socks4","78","1","2023-01-26T11:08:24.104Z","98","890","910"
"119.40.87.97","elite","AS24122","BD","BDCOM Online Limited","197","BDCOM Online Limited","5678","socks4","495","1","2023-01-26T11:08:24.962Z","34","284","841"
"193.203.61.35","elite","AS41268","RU","LANTA Ltd","59","Lanta Networks","8443","socks5","167","1","2023-01-26T11:08:24.857Z","100","910","910"
"38.127.179.87","elite","AS174","US","Cogent Communications","79","Torlandia Trading SRL","11537","socks5","160","1","2023-01-26T11:08:24.896Z","100","854","855"
"37.221.67.62","elite","AS200019","MD","Alexhost SRL","44","Alexhost SRL","5555","socks4","117","1","2023-01-26T11:08:24.869Z","62","569","916"
"46.227.37.37","elite","AS51155","PL","Telemedian - TB Telecom","36","Telemedian","1088","socks4","87","1","2023-01-26T11:08:24.102Z","99","903","910"
"173.212.200.30","anonymous","AS51167","DE","Contabo GmbH","32","Contabo GmbH","3128","http","174","799","2023-01-26T11:08:24.964Z","99","795","800"
"31.209.98.18","elite","AS197792","CY","Multimax Iletisim Limited","64","N/A","51688","socks4","100","1","2023-01-26T11:08:24.109Z","100","915","916"
"173.82.45.77","elite","AS35916","US","Multacom Corporation","147","Multacom Corporation","36538","socks4","47","1","2023-01-26T11:08:24.969Z","76","676","884"
"185.255.46.121","anonymous","AS205254","IQ","Valin Company for General Trading and Communication LTD","74","Valin Company General Trading and Communication LTD","8080","http","755","2271","2023-01-26T11:08:24.755Z","99","889","898"
"185.45.194.176","elite","AS60117","NL","HostSailor","11","HostSailor NL Services","49492","socks4","75","1","2023-01-26T11:08:24.296Z","86","709","827"
"110.34.166.187","elite","AS45652","SG","VPLS, Inc.","250","Vpls Sin1","4153","socks4","184","1","2023-01-26T11:08:24.692Z","100","860","861"
"192.162.154.19","elite","AS56600","UA","Cyberlan Ltd.","54","Cyberlan Ltd","5678","socks4","99","1","2023-01-26T11:08:23.913Z","95","869","917"
"181.233.49.146","anonymous","AS272094","EC","Optilink CIA Ltda","176","Optilink CIA Ltda","999","http","145","1383","2023-01-26T11:08:23.731Z","100","798","800"
"129.205.244.158","elite","AS37678","BW","BOTSWANA FIBRE NETWORKS (Proprietary) Limited","194","BOTSWANA FIBRE NETWORKS (Proprietary) Limited","1080","socks4","53","1","2023-01-26T11:08:23.151Z","99","803","811"
"58.84.31.62","elite","AS17539","PK","Netsol Technologies Limited","156","Netsol Technologies Limited","5678","socks4","41","1","2023-01-26T11:08:23.680Z","99","848","856"
"194.6.233.122","elite","AS33927","UA","Ukrmirkom LTD","52","Specavtomatica Ltd","3629","socks4","335","1","2023-01-26T11:08:23.369Z","96","825","855"
"60.212.201.154","elite","AS4837","CN","CNC Group CHINA169 Shandong Province Network","184","N/A","23456","socks4","136","1","2023-01-26T11:08:23.565Z","97","769","795"
"150.158.40.180","elite","AS45090","CN","Shenzhen Tencent Computer Systems Company Limited","177","Tencent Cloud Computing (Beijing) Co., Ltd","2080","socks4","580","1","2023-01-26T11:08:23.766Z","99","885","893"
"45.127.222.94","elite","AS45433","IN","Champion Computers","159","Kappa  Private Limited","5678","socks4","425","1","2023-01-26T11:08:23.383Z","88","736","835"
"88.248.2.160","elite","AS47331","TR","TurkTelecom","69","Turk Telekomunikasyon A.S","5678","socks4","215","1","2023-01-26T11:08:23.563Z","89","813","913"
"177.72.112.249","elite","AS262558","BR","Prompt Brasil Solucoes EM TI Ltda","204","Prompt Brasil Solucoes EM TI Ltda","31164","socks4","329","1","2023-01-26T11:08:23.562Z","99","895","906"
"97.75.254.13","elite","AS14488","US","ZCORUM","120","Williamstown Cable","5678","socks4","366","1","2023-01-26T11:08:23.560Z","100","915","915"
"185.162.230.178","elite","AS209242","GB","Cloudflare London, LLC","2","Softconstruct Limited","80","socks4","534","1","2023-01-26T11:08:23.705Z","100","893","895"
"84.51.0.197","elite","AS34984","TR","Superonline Iletisim Hizmetleri A.S.","56","Siba Bilisim Telekominikasyon Elektronik Ithalat Ihracat Limited","4145","socks4","222","5","2023-01-26T11:08:23.563Z","100","910","910"
"100.36.158.82","elite","AS701","US","Verizon Communications","98","MCI Communications Services, Inc. d/b/a Verizon Business","8888","socks5","207","1","2023-01-26T11:08:23.564Z","100","912","913"
"60.165.35.64","elite","AS4134","CN","Chinanet","199","Chinanet GS","7302","socks5","525","1","2023-01-26T11:08:23.575Z","94","760","805"
"102.66.234.4","elite","AS328471","ZA","HERO TELECOMS (PTY) LTD","202","Herotel","5678","socks4","588","1","2023-01-26T11:08:23.915Z","51","414","817"
"137.74.90.233","anonymous","AS16276","FR","OVH SAS","6","Hostiko","8282","http","156","86","2023-01-26T11:08:23.651Z","99","826","834"
"14.207.117.32","elite","AS45629","TH","Triple T Broadband Public Company Limited","151","Triple T Broadband Public Company Limited","4153","socks4","245","1","2023-01-26T11:08:22.753Z","98","858","878"
"185.171.55.218","elite","AS44285","IR","Shahrad Network","97","N/A","4153","socks4","456","1","2023-01-26T11:08:22.636Z","97","888","915"
"168.227.158.77","elite","AS52898","BR","Multipla Serviços Inteligentes","238","Multipla Serviços Inteligentes","4145","socks4","895","1","2023-01-26T11:08:22.356Z","100","858","860"
"118.99.87.125","elite","AS17451","ID","BIZNET","161","N/A","5678","socks4","718","1","2023-01-26T11:08:22.551Z","53","421","796"
"103.85.114.244","anonymous","AS139901","BD","Apple Communication Ltd.","175","New CNS Online","8080","http","1060","601","2023-01-26T11:08:22.219Z","99","808","814"
"192.154.195.76","elite","AS64200","US","Vivid-hosting LLC","140","Vivid-hosting LLC","9000","socks5","349","1","2023-01-26T11:08:22.637Z","100","792","793"
"103.217.249.129","elite","AS135185","IN","Atoz Infolink Pvt. LTD","193","Atoz Infolink Pvt. Ltd.","5678","socks4","701","1","2023-01-26T11:08:22.551Z","100","904","906"
"103.199.97.33","elite","AS45804","IN","New Shivam Cable Network","248","N/A","39825","socks4","180","1","2023-01-26T11:08:22.863Z","98","857","878"
"46.227.36.1","elite","AS51155","PL","Telemedian - TB Telecom","37","Telemedian","1088","socks4","952","1","2023-01-26T11:08:22.349Z","100","801","805"
"207.200.138.35","elite","AS19662","CA","Uniserve On Line","156","Uniserve On Line","5678","socks4","76","1","2023-01-26T11:08:22.220Z","99","833","839"
"190.109.72.227","elite","AS264231","BR","RG.COM - INFORMATICA & COMUNICACAO LTDA - ME","190","RG.COM - INFORMATICA & COMUNICACAO LTDA - ME","33633","socks4","478","1","2023-01-26T11:08:22.635Z","99","860","871"
"117.111.251.102","elite","AS9316","KR","DACOM-PUBNETPLUS","299","Pubnetplus","8081","socks4","1024","1","2023-01-26T11:08:22.216Z","100","872","873"
"46.188.82.63","elite","AS8334","RU","2COM","51","2COM Co ltd.","4153","socks4","736","1","2023-01-26T11:08:22.550Z","95","860","905"
"168.119.85.42","anonymous","AS24940","DE","Hetzner Online GmbH","16","N/A","3128","http","39","34","2023-01-26T11:08:22.312Z","100","826","826"
"206.42.40.0","elite","AS28126","BR","Brisanet Prestacao De Servicos De Internet Ltda","183","AGIS","5678","socks4","337","1","2023-01-26T11:08:22.637Z","81","695","853"
"177.229.210.66","anonymous","AS13999","MX","Mega Cable, S.A. de C.V.","170","Mega Cable, S.A. de C.V","8080","http","58","373","2023-01-26T11:08:22.221Z","98","776","795"
"103.210.29.100","elite","AS134922","IN","R G TECHNOSOLUTIONS PVT LTD","189","R G Technosolutions PVT LTD","31433","socks4","329","1","2023-01-26T11:08:22.751Z","99","895","906"
"47.115.162.7","elite","AS37963","CN","Addresses CNNIC","209","Aliyun Computing Co., LTD","8060","socks5","203","1","2023-01-26T11:08:22.754Z","92","782","850"
"202.165.46.14","elite","AS17538","ID","Circlecom","182","N/A","5678","socks4","688","1","2023-01-26T11:08:22.552Z","99","885","893"
"200.106.216.66","elite","AS271250","BR","TOP INFORMATICA TELECON LTDA","209","TOP INFORMATICA TELECON LTDA","63253","socks4","441","1","2023-01-26T11:08:22.636Z","97","883","911"
"159.192.240.90","elite","AS131090","TH","CAT-BB","182","N/A","4145","socks4","219","1","2023-01-26T11:08:22.862Z","45","385","857"
"167.99.50.159","elite","AS14061","US","DigitalOcean, LLC","80","Digital Ocean","45788","socks5","36","1","2023-01-26T11:08:22.387Z","89","811","914"
"177.128.44.130","elite","AS262605","BR","BRASIL TECNOLOGIA E PARTICIPACOES S/A","244","BRASIL TECNOLOGIA E PARTICIPACOES S/A","31337","socks4","910","1","2023-01-26T11:08:22.354Z","100","799","801"
"103.109.196.49","elite","AS4787","ID","PT Cyberindo Aditama","197","CV. Artikulasi Mandiri","5678","socks4","220","1","2023-01-26T11:08:22.753Z","99","903","911"
"103.47.93.113","elite","AS134058","IN","Broban Internet Services Pvt.ltd","218","Broban  PVT Ltd.","1080","socks4","681","1","2023-01-26T11:08:22.552Z","100","891","893"
"188.255.244.49","elite","AS52116","RS","Orion Telekom ISP IP Network in Subotica","38","Orion Telekom Tim d.o.o.Beograd","1080","socks4","503","1","2023-01-26T11:08:22.634Z","100","831","831"
"51.254.44.184","elite","AS16276","FR","OVH SAS","4","OVH","1135","socks4","66","1","2023-01-26T11:08:21.655Z","100","911","911"
"101.51.104.138","elite","AS23969","TH","TOT Public Company Limited","151","TOT Public Company Limited","4145","socks4","969","1","2023-01-26T11:08:21.480Z","65","538","822"
"93.171.224.44","elite","AS211570","UA","PE TV and Radio Company Kentavr-TV","54","PE TV and Radio Company Kentavr-TV","4153","socks4","149","1","2023-01-26T11:08:21.657Z","98","894","911"
"88.20.124.158","elite","AS3352","ES","Telefonica de Espana SAU","35","RIMA (Red IP Multi Acceso)","4145","socks4","1051","1","2023-01-26T11:08:21.846Z","99","857","862"
"42.121.118.160","elite","AS37963","CN","Addresses CNNIC","197","Aliyun Computing Co., LTD","1080","socks5","104","1","2023-01-26T11:08:21.159Z","98","851","872"
"182.23.108.164","elite","AS4800","ID","PT Aplikanusa Lintasarta","206","N/A","4153","socks4","930","1","2023-01-26T11:08:21.525Z","97","867","891"
"68.183.17.152","elite","AS14061","US","DigitalOcean, LLC","85","DigitalOcean, LLC","8016","socks5","1075","1","2023-01-26T11:08:21.846Z","82","737","900"
"196.41.46.242","elite","AS30844","TZ","RAHA-LTZ","164","RAHA Ltd","5678","socks4","993","2","2023-01-26T11:08:21.479Z","70","621","882"
"23.88.124.86","elite","AS24940","DE","Hetzner Online GmbH","16","Hetzner","80","socks4","321","1","2023-01-26T11:08:21.782Z","100","794","794"
"3.69.30.73","elite","AS16509","DE","Amazon Technologies Inc.","10","AWS EC2 (eu-central-1)","17651","socks5","1087","1","2023-01-26T11:08:21.845Z","48","400","835"
"105.213.188.163","elite","AS16637","ZA","MTN SA","179","MTN SA","5678","socks4","955","1","2023-01-26T11:08:21.295Z","97","874","898"
"109.238.208.130","elite","AS48574","CZ","Planet A, a.s.","23","Planet A","4153","socks4","995","1","2023-01-26T11:08:21.293Z","100","909","913"
"104.251.94.199","elite","AS20454","US","Secured Servers LLC","142","BraveWay","27507","socks5","356","1","2023-01-26T11:08:21.614Z","100","827","829"
"187.72.1.252","elite","AS16735","BR","ALGAR TELECOM S/A","228","ALGAR TELECOM S/A","4153","socks4","313","1","2023-01-26T11:08:21.158Z","99","903","915"
"80.78.130.106","elite","AS202913","ES","CLOUDWIFI, SL","66","CLOUDWIFI, SL","3000","socks4","226","1","2023-01-26T11:08:21.918Z","100","915","915"
"202.163.72.74","elite","AS9541","PK","Cyber Internet Services (Private) Limited","157","Broadband Services","4153","socks4","143","1","2023-01-26T11:08:21.793Z","71","641","908"
"103.242.104.242","elite","AS58821","ID","PT Lintas Jaringan Nusantara","178","PT Lintas Jaringan Nusantara","5678","socks4","972","1","2023-01-26T11:08:21.294Z","99","816","827"
"110.76.129.30","elite","AS59362","BD","KS Network Limited","181","N/A","5678","socks4","1004","1","2023-01-26T11:08:21.292Z","98","894","915"
"80.244.229.102","anonymous","AS21353","RU","Enforta-MSK","61","ArtCommunications Ltd.","10000","http","914","636","2023-01-26T11:08:21.527Z","98","782","799"
"41.128.72.62","elite","AS24863","EG","LINKdotNET AS number","58","Link Egypt (Link.NET)","5678","socks4","47","1","2023-01-26T11:08:21.790Z","98","896","916"
"178.250.70.218","elite","AS51580","IT","Timenet SPA","34","Time-net S.R.L","1088","socks4","744","1","2023-01-26T11:08:20.643Z","98","893","915"
"95.217.132.133","elite","AS24940","FI","Hetzner Online GmbH","39","HETZNER-DC","3512","socks5","961","1","2023-01-26T11:08:20.499Z","88","789","901"
"177.240.27.141","anonymous","AS262916","MX","Mega Cable, S.A. de C.V.","150","Mega Cable, S.A. de C.V","999","http","750","640","2023-01-26T11:08:20.628Z","97","772","795"
"95.38.95.40","elite","AS41881","IR","Fanava Group","99","Fanava Group","8085","socks5","113","1","2023-01-26T11:08:20.894Z","93","759","814"
"117.84.165.182","elite","AS4134","CN","Chinanet","181","Chinanet JS","1080","socks5","321","1","2023-01-26T11:08:20.893Z","71","563","798"
"47.98.183.59","elite","AS37963","CN","Hangzhou Alibaba Advertising Co","207","Aliyun Computing Co., LTD","3128","socks5","902","1","2023-01-26T11:08:20.580Z","99","881","893"
"200.71.115.3","elite","AS263771","VE","IP NET, C.A.","144","IP NET, C.A","8081","http","935","327","2023-01-26T11:08:20.892Z","98","777","796"
"45.7.177.220","elite","AS266626","BR","Litoral Telecom","201","Litoral Telecom","39867","socks4","1000","1","2023-01-26T11:08:20.161Z","99","908","917"
"109.167.83.209","elite","AS29119","ES","ServiHosting Networks S.L.","65","Ciberdolar","5678","socks4","1033","1","2023-01-26T11:08:20.361Z","98","878","896"
"61.247.180.182","elite","AS38031","BD","Optimax Communication Ltd.","156","OptiMax Communication Ltd","10800","socks4","212","1","2023-01-26T11:08:20.893Z","99","904","916"
"178.162.202.44","elite","AS28753","DE","Leaseweb Deutschland GmbH","20","Leaseweb Deutschland GmbH","2261","socks4","512","1","2023-01-26T11:08:20.645Z","100","914","915"
"209.97.160.204","elite","AS14061","SG","DigitalOcean, LLC","166","DigitalOcean, LLC","3103","socks5","944","1","2023-01-26T11:08:20.578Z","99","905","910"
"180.122.147.184","elite","AS4134","CN","Chinanet","233","Chinanet JS","1080","socks4","448","1","2023-01-26T11:08:20.789Z","84","753","899"
"45.15.170.94","elite","AS35913","US","DediPath","138","DediPath","32768","socks4","1035","1","2023-01-26T11:08:20.167Z","96","793","827"
"1.10.229.230","elite","AS23969","TH","TOT Public Company Limited","151","TOT Public Company Limited","4145","socks4","710","1","2023-01-26T11:08:20.678Z","56","447","797"
"188.136.162.30","elite","AS48309","IR","Ariana Gostar Spadana's","105","N/A","4153","socks4","1067","1","2023-01-26T11:08:20.357Z","99","874","881"
"103.28.86.241","elite","AS58504","NP","Alternate ISP","273","N/A","57230","socks4","991","1","2023-01-26T11:08:20.626Z","97","891","915"
"192.169.244.80","elite","AS26496","US","GoDaddy.com, LLC","139","GoDaddy.com, LLC","21301","socks5","467","1","2023-01-26T11:08:20.757Z","96","798","830"
"200.236.221.242","elite","AS28166","BR","Telecom South America S/A","227","Telecom South America S/A","33054","socks4","673","1","2023-01-26T11:08:20.758Z","100","802","806"
"104.21.102.95","elite","AS13335","CA","Cloudflare, Inc.","2","Cloudflare, Inc.","80","socks4","1049","1","2023-01-26T11:08:20.496Z","100","900","900"
"173.195.27.134","elite","AS11976","US","Fidelity Communication International Inc.","115","Fidelity Communication International Inc.","10091","socks4","933","1","2023-01-26T11:08:20.888Z","100","847","847"
"38.127.179.249","elite","AS174","US","Cogent Communications","82","Torlandia Trading SRL","11537","socks5","727","1","2023-01-26T11:08:20.582Z","100","856","857"
"149.202.172.226","elite","AS16276","FR","OVH SAS","6","OVH","8080","socks4","255","1","2023-01-26T11:08:20.752Z","100","851","851"
"185.97.121.197","elite","AS200752","IT","Unitel S.R.L.","40","Spinnaker Srl","4153","socks4","492","1","2023-01-26T11:08:20.678Z","99","895","905"
"45.7.177.250","elite","AS266626","BR","Litoral Telecom","197","Litoral Telecom","39867","socks4","923","1","2023-01-26T11:08:20.889Z","99","900","913"
"104.16.226.6","elite","AS13335","CA","Cloudflare, Inc.","1","Cloudflare, Inc.","80","socks4","264","1","2023-01-26T11:08:20.751Z","100","910","911"
"103.120.192.17","elite","AS134585","BD","Sheetal Broadband","192","Reza MD Samsuzzoha","6969","socks4","740","1","2023-01-26T11:08:20.154Z","98","856","875"
"49.48.147.64","elite","AS45629","TH","Triple T Broadband Public Company Limited","172","Triple T Broadband Public Company Limited","8080","socks4","973","1","2023-01-26T11:08:20.627Z","98","842","855"
"211.137.33.22","elite","AS56044","CN","China Mobile communications corporation","269","China Mobile Communications Corporation","80","socks5","954","1","2023-01-26T11:08:19.851Z","96","827","857"
"129.226.90.169","elite","AS132203","SG","Tencent Cloud Computing (Beijing) Co","336","Aceville Pte.ltd","443","socks5","948","1","2023-01-26T11:08:19.490Z","72","654","911"
"202.92.5.126","elite","AS135905","VN","INET","240","iNET Media Company Limited","44879","socks5","960","1","2023-01-26T11:08:19.850Z","98","892","911"
"119.23.108.149","elite","AS37963","CN","Hangzhou Alibaba Advertising Co","215","Aliyun Computing Co., LTD","6111","socks5","196","1","2023-01-26T11:08:19.173Z","91","774","849"
"50.62.57.97","elite","AS26496","US","GoDaddy.com, LLC","139","GoDaddy.com, LLC","43879","socks4","1012","1","2023-01-26T11:08:19.488Z","100","794","795"
"202.131.241.210","elite","AS9484","MN","MOBINET-LL","107","N/A","1080","socks4","987","1","2023-01-26T11:08:19.845Z","100","882","883"
"183.63.148.220","elite","AS4134","CN","Chinanet","208","Chinanet GD","1080","socks4","148","1","2023-01-26T11:08:19.174Z","88","807","915"
"81.91.157.134","elite","AS206065","IR","Farabord Dadeh Haye Iranian Co.","101","N/A","5678","socks5","1053","1","2023-01-26T11:08:19.194Z","97","889","915"
"101.51.105.167","elite","AS23969","TH","TOT Public Company Limited","153","TOT Public Company Limited","4145","socks4","1007","1","2023-01-26T11:08:19.849Z","57","488","863"
"165.225.24.50","elite","AS62044","DE","Zscaler Switzerland GmbH","11","Zscaler, Inc.","10007","socks4","979","1","2023-01-26T11:08:19.846Z","100","893","894"
"122.3.255.114","elite","AS9299","PH","Philippine Long Distance Telephone Co.","214","Philippine Long Distance Telephone Company","4145","socks4","1034","1","2023-01-26T11:08:19.195Z","48","442","915"
"54.36.45.19","elite","AS16276","BE","OVH SAS","4","OVH BE","59438","socks4","1020","1","2023-01-26T11:08:19.488Z","100","851","851"
"186.232.119.58","anonymous","AS53190","BR","G4 TELECOM COMERCIO E SERVICOS DE INFORMATICA","204","Vero S.A","3128","http","178","554","2023-01-26T11:08:19.469Z","99","791","798"
"79.63.3.243","elite","AS3269","IT","Telecom Italia S.p.A","53","INTERBUSINESS","5678","socks4","1034","1","2023-01-26T11:08:19.487Z","74","632","854"
"115.75.5.17","elite","AS7552","VN","VIETELxdsl","177","xDSL Services","38351","socks4","950","1","2023-01-26T11:08:19.198Z","100","885","889"
"202.40.186.157","elite","AS23991","BD","Ranks ITT","206","Ranks ITT Ltd.","4145","socks4","963","1","2023-01-26T11:08:19.489Z","99","908","916"
"45.233.0.1","elite","AS267303","BR","Centro Oeste Provedor","229","Centro Oeste Provedor","4153","socks4","963","1","2023-01-26T11:08:19.485Z","100","910","914"
"103.79.96.193","elite","AS64308","ID","PT IndoDev Niaga Internet","187","PT IndoDev Niaga Internet","4153","socks4","831","1","2023-01-26T11:08:18.253Z","100","897","898"
"174.108.154.2","elite","AS11426","US","Spectrum","105","Fastlink Communications","32940","socks4","335","1","2023-01-26T11:08:18.829Z","100","902","905"
"79.127.35.243","elite","AS43754","IR","Asiatech Data Transmission company","160","Azad University","5678","socks5","1043","1","2023-01-26T11:08:18.858Z","96","798","831"
"103.76.172.230","elite","AS9341","ID","ICONPLN","281","N/A","4153","socks4","533","1","2023-01-26T11:08:18.827Z","94","855","914"
"103.231.200.250","elite","AS133352","ID","PT. Berdikari Prima Mandiri","297","N/A","5678","socks4","505","1","2023-01-26T11:08:18.827Z","83","718","863"
"181.78.94.175","anonymous","AS52468","PY","Ufinet Paraguay S.A","244","IFX Networks Argentina S.R.L","999","http","851","5047","2023-01-26T11:08:18.578Z","99","848","854"
"173.195.27.135","elite","AS11976","US","Fidelity Communication International Inc.","115","Fidelity Communication International Inc.","10091","socks4","876","1","2023-01-26T11:08:18.573Z","100","898","898"
"123.171.42.218","elite","AS4134","CN","Chinanet","266","Chinanet SD","2829","socks4","353","1","2023-01-26T11:08:18.593Z","83","663","800"
"103.215.148.17","elite","AS135207","IN","Cloudnet Communications Pvt Ltd","193","Cloudnet Communications Pvt Ltd","43928","socks4","883","1","2023-01-26T11:08:18.252Z","98","889","904"
"189.124.138.137","elite","AS28220","BR","Cabo Servicos De Telecomunicacoes Ltda","193","Update Ltda","5678","socks4","758","1","2023-01-26T11:08:18.260Z","99","808","818"
"35.230.154.184","elite","AS396982","GB","Google LLC","9","Google Cloud (europe-west2)","3128","socks4","786","1","2023-01-26T11:08:18.826Z","25","215","863"
"180.122.144.254","elite","AS4134","CN","Chinanet","227","Chinanet JS","1080","socks4","863","1","2023-01-26T11:08:18.595Z","72","573","796"
"121.66.105.19","elite","AS3786","KR","LG DACOM Corporation","323","LG Uplus","51080","socks4","318","1","2023-01-26T11:08:18.829Z","100","808","809"
"116.162.157.253","elite","AS4837","CN","China Unicom CHINA169 Network","182","N/A","4145","socks4","859","1","2023-01-26T11:08:18.574Z","99","909","916"
"95.167.29.50","anonymous","AS12389","RU","PJSC Rostelecom","147","Info Servis","8080","http","1053","1080","2023-01-26T11:08:18.575Z","100","800","800"
"177.126.95.225","elite","AS262352","BR","Nova Telecom Ltda","254","Nova Telecom Ltda","4145","socks4","853","1","2023-01-26T11:08:18.576Z","98","890","912"
"170.80.91.10","elite","AS264820","CR","Corebases S.A","155","Corebases S.A","4145","socks4","397","1","2023-01-26T11:08:18.827Z","100","914","914"
"128.199.125.165","elite","AS14061","SG","DigitalOcean, LLC","179","DigitalOcean, LLC","10260","socks5","964","1","2023-01-26T11:08:18.858Z","100","870","872"
"66.33.210.54","elite","AS26347","US","New Dream Network, LLC","79","New Dream Network, LLC","17567","socks5","873","1","2023-01-26T11:08:18.253Z","100","898","898"
"103.82.8.189","elite","AS136156","BD","FNF Online","179","N/A","4153","socks4","843","1","2023-01-26T11:08:18.575Z","84","765","912"
"95.137.240.30","elite","AS34797","GE","EGRISI","142","Systemnet LTD","48761","socks4","865","1","2023-01-26T11:08:18.259Z","34","310","905"
"200.115.157.210","elite","AS21599","PA","Cable Onda","141","Cable Onda","4145","socks4","810","1","2023-01-26T11:08:18.577Z","100","895","897"
"206.192.226.90","elite","AS25899","US","LS Networks","166","LS Networks","39593","socks4","213","1","2023-01-26T11:08:17.108Z","100","910","911"
"186.192.195.211","elite","AS53133","BR","P & K Networks e Telecomunicações Ltda","193","P & K Networks e Telecomunicações Ltda","8080","socks4","513","1","2023-01-26T11:08:17.105Z","100","893","897"
"103.247.13.179","elite","AS131706","ID","TERABIT","183","N/A","1080","socks4","347","1","2023-01-26T11:08:17.107Z","65","559","861"
"157.230.210.133","elite","AS14061","US","DigitalOcean, LLC","85","DigitalOcean, LLC","80","socks4","947","1","2023-01-26T11:08:17.636Z","100","822","822"
"51.15.242.202","elite","AS12876","FR","SCALEWAY","4","ONLINE","8888","http","795","237","2023-01-26T11:08:17.230Z","97","890","915"
"116.199.172.1","elite","AS45661","IN","Capture Network Systems Pvt. Ltd.","140","Capture Network Systems Pvt. Ltd.","4145","socks4","358","1","2023-01-26T11:08:17.228Z","99","876","884"
"87.121.77.130","elite","AS60784","BG","Neterra Ltd.","48","N/A","4145","socks4","1011","1","2023-01-26T11:08:17.224Z","100","913","914"
"103.254.185.195","anonymous","AS17501","NP","WorldLink Communications","176","Enterprise Customers 1ST","53281","http","1100","1080","2023-01-26T11:08:17.096Z","96","771","799"
"188.133.160.22","elite","AS12772","RU","Enforta-NCL","95","N/A","4145","socks4","1037","1","2023-01-26T11:08:17.223Z","98","868","885"
"182.93.80.26","elite","AS4007","NP","SUBISU D2","186","N/A","5678","socks4","368","1","2023-01-26T11:08:17.106Z","99","909","915"
"89.249.250.29","elite","AS31370","RU","Mosline ISP","53","OOO Montaj Telecom Service","4145","socks4","885","1","2023-01-26T11:08:17.641Z","99","886","899"
"196.2.15.68","anonymous","AS25429","BI","CBINET Burundi","228","Cbinet SA","8080","http","522","677","2023-01-26T11:08:17.958Z","86","751","875"
"195.154.67.61","anonymous","AS12876","FR","Online S.A.S.","2","ONLINE","3128","http","163","220","2023-01-26T11:08:17.236Z","100","815","815"
"178.212.65.61","elite","AS47939","UA","TDV \"Teleradio company \"Yalta\"","75","Yaltatvnet","3629","socks4","1028","1","2023-01-26T11:08:17.224Z","99","904","910"
"186.251.255.189","elite","AS267513","BR","Seanet Telecom Carazinho Eireli","211","Seanet Telecom Carazinho Eireli","31337","socks4","1003","1","2023-01-26T11:08:17.225Z","100","827","827"
"94.181.174.77","elite","AS41754","RU","CJSC \"ER-Telecom Holding\" Penza branch","65","JSC \"ER-Telecom Holding\" Penza Branch","4153","socks5","407","1","2023-01-26T11:08:17.106Z","98","845","864"
"87.236.232.231","elite","AS35656","JO","Jordanian Universities Network L.L.C.","81","N/A","8080","socks5","926","1","2023-01-26T11:08:17.948Z","100","900","900"
"118.68.218.212","elite","AS18403","VN","FPT Telecom Company","202","FPTDYNAMICIP","8080","socks4","1120","1","2023-01-26T11:08:17.095Z","99","899","910"
"160.226.132.33","anonymous","AS328178","ZA","The Computer Hut","208","N/A","8080","http","1156","541","2023-01-26T11:08:17.638Z","75","600","799"
"177.38.245.108","elite","AS52974","BR","Henet Telecomunicacoes Ltda","205","Ricardo Dias Monteiro","55713","socks4","751","1","2023-01-26T11:08:17.231Z","26","227","877"
"36.67.26.105","elite","AS7713","ID","PT. Telekomunikasi Indonesia","229","N/A","4153","socks4","909","1","2023-01-26T11:08:17.637Z","53","472","898"
"151.106.4.179","elite","AS29066","FR","Host Europe GmbH","18","Brady Collins","30092","socks4","223","1","2023-01-26T11:08:17.101Z","100","858","859"
"186.251.255.17","elite","AS267513","BR","Seanet Telecom Carazinho Eireli","213","Seanet Telecom Carazinho Eireli","31337","socks4","1019","1","2023-01-26T11:08:17.224Z","100","910","913"
"202.182.57.30","anonymous","AS24213","ID","PT. Arsen Kusuma Indonesia","193","N/A","8080","http","309","507","2023-01-26T11:08:17.424Z","99","864","873"
"172.98.21.100","elite","AS7018","US","AT&T Services, Inc.","89","Bunny Technology LLC","10001","socks4","506","2","2023-01-26T11:08:17.646Z","97","852","876"
"82.206.131.62","elite","AS22351","GB","Intelsat Global Service Corporation","608","Intelsat Global Sales & Marketing LTD","10801","socks4","927","1","2023-01-26T11:08:17.637Z","94","843","901"
"212.83.143.97","elite","AS12876","FR","Online S.A.S.","0","ONLINE","62728","socks4","890","1","2023-01-26T11:08:17.949Z","100","837","838"
"45.76.9.121","elite","AS20473","US","The Constant Company","85","Vultr Holdings, LLC","11324","socks5","1216","1","2023-01-26T11:08:16.704Z","86","685","794"
"177.105.68.212","elite","AS262637","BR","Netprimus Tecnologia Ltda","186","Netprimus Tecnologia Ltda","4153","socks4","1148","1","2023-01-26T11:08:16.261Z","100","913","916"
"177.203.48.179","elite","AS8167","BR","V tal","254","Brasil Telecom S/A - Filial Distrito Federal","4145","socks4","1112","22","2023-01-26T11:08:16.537Z","100","873","876"
"176.192.70.58","elite","AS12714","RU","Net By Net Holding LLC","54","Net By Net Holding LLC","8001","http","913","529","2023-01-26T11:08:16.716Z","97","775","800"
"200.212.2.125","elite","AS4230","BR","Claro S.A.","204","Claro S.A","61283","socks4","1133","1","2023-01-26T11:08:16.931Z","99","908","916"
"154.29.227.162","elite","AS46261","US","QuickPacket, LLC","79","Aventice LLC","8081","socks4","1170","5","2023-01-26T11:08:16.929Z","99","841","849"
"8.210.150.195","elite","AS45102","HK","Alibaba (US) Technology Co., Ltd.","265","Alibaba.com Singapore E-Commerce Private Limited","26666","socks5","820","1","2023-01-26T11:08:16.292Z","90","723","800"
"177.38.5.51","elite","AS52964","BR","FÁBIO MENDES DIAS LTDA ME","225","FÁBIO MENDES DIAS LTDA ME","4153","socks4","840","1","2023-01-26T11:08:16.837Z","89","796","897"
"192.12.113.249","elite","AS266144","BR","Rosana Ferreira da Silva Multimidia ME","163","Rosana Ferreira da Silva Multimidia ME","4145","socks4","1190","1","2023-01-26T11:08:16.705Z","34","309","915"
"104.17.132.79","elite","AS13335","CA","Cloudflare, Inc.","1","Cloudflare, Inc.","80","socks4","419","1","2023-01-26T11:08:16.885Z","100","796","796"
"118.69.62.229","elite","AS18403","VN","FPT Telecom Company","201","Vietnam Internet Network Information Center","5678","socks4","773","1","2023-01-26T11:08:16.950Z","98","878","899"
"91.216.66.70","elite","AS197052","RU","IP Nikolay Yankovskiy","46","IP Nikolay Yankovskiy","47658","socks4","965","1","2023-01-26T11:08:16.713Z","99","910","917"
"114.116.246.230","elite","AS55990","CN","Huawei Cloud Service data center","157","Huawei Public Cloud Service","1080","socks5","744","1","2023-01-26T11:08:16.886Z","98","898","916"
"5.1.104.67","elite","AS198735","IQ","HRiNS network","90","HRiNS For","33041","socks4","892","1","2023-01-26T11:08:16.539Z","100","916","916"
"178.218.201.63","elite","AS59668","UZ","PE Turon Media","102","first IP Network of ISP Turon Telecom","1080","socks4","1164","1","2023-01-26T11:08:16.930Z","86","786","912"
"5.189.130.207","elite","AS51167","DE","Contabo GmbH","17","Contabo GmbH","10036","socks4","557","1","2023-01-26T11:08:16.840Z","96","798","834"
"111.225.153.169","elite","AS4134","CN","Chinanet","205","Chinanet HE","8089","socks4","1201","1","2023-01-26T11:08:16.705Z","74","590","799"
"187.157.153.214","elite","AS8151","MX","Uninet S.A. de C.V.","189","Uninet S.A. de C.V.","5678","socks4","1146","1","2023-01-26T11:08:16.707Z","100","912","916"
"174.75.211.194","elite","AS22773","US","Cox Communications Inc.","151","Cox Communications","4145","socks4","1131","1","2023-01-26T11:08:16.262Z","86","713","829"
"61.178.94.23","elite","AS4134","CN","Chinanet","194","N/A","7302","socks5","879","1","2023-01-26T11:08:16.284Z","97","809","835"
"169.239.236.27","elite","AS327986","NG","Gutti Global Networks","135","Gutti Global Networks","45003","socks4","1178","1","2023-01-26T11:08:16.536Z","21","180","877"
"158.58.134.15","elite","AS47586","RU","Dmitriy V. Kozmenko","77","Business-Svyaz LTD","5678","socks4","1018","1","2023-01-26T11:08:15.741Z","84","689","819"
"47.254.253.54","elite","AS45102","MY","Alibaba (US) Technology Co., Ltd.","156","Alibaba.com LLC","42670","socks4","850","1","2023-01-26T11:08:15.186Z","77","664","867"
"195.210.172.43","elite","AS8359","RU","MTS PJSC","56","InterneyshenelHouse","58350","socks4","974","1","2023-01-26T11:08:15.763Z","100","914","915"
"103.93.177.250","elite","AS133647","IN","Elxire Data Services Pvt. Ltd.","177","Zipcomp","5678","socks4","902","1","2023-01-26T11:08:15.996Z","94","818","869"
"95.179.155.218","elite","AS20473","NL","The Constant Company","13","Vultr Holdings LLC Amsterdam","8080","socks4","907","1","2023-01-26T11:08:15.183Z","100","826","827"
"51.83.116.4","elite","AS16276","FR","OVH SAS","5","OVH","17105","socks4","1038","1","2023-01-26T11:08:15.739Z","100","826","826"
"1.55.241.4","elite","AS18403","VN","FPT Telecom Company","198","FPTDYNAMICIP","4145","socks4","937","1","2023-01-26T11:08:15.764Z","99","904","915"
"203.215.181.220","elite","AS17787","PK","Pakistan Software Export Board","149","Pakistan Software","36342","socks4","988","1","2023-01-26T11:08:15.213Z","100","881","884"
"103.130.112.253","elite","AS138336","BD","The Potato","195","N/A","5678","socks4","971","1","2023-01-26T11:08:15.214Z","86","787","915"
"118.174.46.144","elite","AS131293","TH","TOT Public Company Limited","182","TOT Public Company Limited","45330","socks4","1045","1","2023-01-26T11:08:15.464Z","95","849","893"
"103.94.133.92","elite","AS136128","ID","PT CITRA AKSES INDONUSA","188","PT CITRA AKSES INDONUSA","4153","socks4","954","1","2023-01-26T11:08:15.744Z","99","909","916"
"190.109.72.238","elite","AS264231","BR","RG.COM - INFORMATICA & COMUNICACAO LTDA - ME","187","RG.COM - INFORMATICA & COMUNICACAO LTDA - ME","33633","socks4","996","1","2023-01-26T11:08:15.742Z","98","850","863"
"106.240.89.60","elite","AS3786","KR","LG DACOM Corporation","276","Boranet","4145","socks4","838","1","2023-01-26T11:08:15.186Z","100","878","882"
"170.78.98.53","elite","AS266269","BR","MV TELECOM","181","MV TELECOM","5678","socks4","1148","1","2023-01-26T11:08:15.221Z","100","857","858"
"203.30.188.247","elite","AS209242","BZ","Cloudflare London","2","Umpire Associates LTD","80","socks5","955","1","2023-01-26T11:08:15.991Z","100","913","914"
"5.9.100.151","elite","AS24940","DE","Hetzner Online GmbH","16","Hetzner","30000","socks4","944","1","2023-01-26T11:08:15.995Z","100","832","832"
"182.253.182.38","elite","AS17451","ID","BIZNET","202","N/A","5678","socks4","946","1","2023-01-26T11:08:15.745Z","95","759","799"
"186.126.71.44","elite","AS7303","AR","Telecom Argentina S.A.","557","Telecom Personal Bs","1080","socks5","1157","1","2023-01-26T11:08:15.217Z","33","292","876"
"167.172.23.19","elite","AS14061","US","DigitalOcean, LLC","79","DigitalOcean, LLC","64065","socks5","1052","1","2023-01-26T11:08:15.463Z","99","909","915"
"157.185.176.44","elite","AS54994","US","Quantil Networks Inc","93","Quantil Networks Inc","26589","socks5","1134","1","2023-01-26T11:08:15.216Z","99","785","793"
"105.213.74.62","elite","AS16637","ZA","MTN SA","186","MTN SA","5678","socks4","831","1","2023-01-26T11:08:15.187Z","99","890","900"
"103.199.97.17","elite","AS45804","IN","New Shivam Cable Network","249","N/A","39825","socks4","1004","1","2023-01-26T11:08:15.742Z","97","856","881"
"154.201.25.238","elite","AS135357","US","HK Zhao Heng Resources Administration Limited","292","HK Zhao Heng Resources Administration Limited","30001","socks4","875","1","2023-01-26T11:08:15.184Z","100","838","842"
"118.179.87.170","elite","AS23956","BD","Dhakacom Limited","176","AmberIT","5678","socks4","975","1","2023-01-26T11:08:15.465Z","96","878","912"
"162.247.243.167","elite","AS54113","US","Fastly, Inc.","1","New Relic","80","socks4","1125","1","2023-01-26T11:08:14.582Z","88","789","900"
"190.2.153.31","elite","AS49981","NL","WorldStream B.V.","11","WorldStream B.V","9050","socks5","924","1","2023-01-26T11:08:14.579Z","100","915","915"
"175.100.72.95","elite","AS38623","KH","VIETTEL (CAMBODIA) PTE., LTD","356","Viettel (cambodia) Pte., Ltd.","55360","socks4","914","1","2023-01-26T11:08:14.893Z","93","741","796"
"172.98.170.52","elite","AS33083","US","AxcelX Technologies LLC","71","BraveWay LLC","42169","socks5","905","1","2023-01-26T11:08:14.249Z","100","867","867"
"51.15.112.216","elite","AS12876","NL","SCALEWAY","13","N/A","14461","socks4","1231","1","2023-01-26T11:08:14.970Z","100","913","916"
"80.81.232.145","elite","AS21019","SK","S.A. NET","28","Zmnet SA","5678","socks4","900","1","2023-01-26T11:08:14.893Z","99","830","842"
"213.149.156.87","elite","AS39184","BG","UltraNET Ltd","38","VIM TV Ltd","5678","socks4","1179","1","2023-01-26T11:08:14.968Z","100","910","911"
"199.195.253.35","elite","AS53667","US","FranTech Solutions","73","FranTech Solutions","30637","socks4","1011","1","2023-01-26T11:08:14.262Z","98","835","855"
"188.124.36.212","elite","AS49505","RU","OOO \"Network of data-centers \"Selectel\"","41","N/A","23525","socks4","1157","1","2023-01-26T11:08:14.592Z","100","901","901"
"69.163.162.211","elite","AS26347","US","New Dream Network, LLC","150","New Dream Network, LLC","46007","socks4","886","1","2023-01-26T11:08:14.249Z","100","856","856"
"185.169.181.18","elite","AS34984","TR","Ates Dc","55","Ibrahim MALA trading as Ates Dc","4145","socks4","922","1","2023-01-26T11:08:14.249Z","100","908","909"
"217.197.151.182","elite","AS34093","CZ","PREROV","37","N/A","5678","socks4","949","1","2023-01-26T11:08:14.890Z","100","911","915"
"202.55.175.237","elite","AS17769","ID","PT Indopratama Teleglobal (ISP)Wisma BSG Floor 6","168","Citynet","1080","socks4","932","1","2023-01-26T11:08:14.248Z","98","898","913"
"172.67.187.242","elite","AS13335","CA","Cloudflare, Inc.","1","Cloudflare, Inc.","80","socks5","1026","1","2023-01-26T11:08:14.261Z","100","916","916"
"194.146.110.211","elite","AS29496","UA","Link-Service Ltd.","41","Link-Service Ltd.","8888","socks4","947","1","2023-01-26T11:08:14.247Z","98","811","829"
"123.253.97.89","elite","AS59362","BD","Md Rezaul Karim","156","Sun Cybercafe","8080","socks4","1080","1","2023-01-26T11:08:14.265Z","99","907","915"
"213.32.91.205","elite","AS16276","FR","OVH SAS","11","OVH","3128","socks4","891","1","2023-01-26T11:08:13.485Z","100","808","808"
"109.127.82.126","elite","AS21277","IQ","Newroz Telecom","96","N/A","8080","http","1029","495","2023-01-26T11:08:13.161Z","98","820","839"
"139.5.132.105","elite","AS138024","BD","Net Plus Online","788","Geotel Bangladesh IT Ltd","4153","socks4","1074","1","2023-01-26T11:08:13.459Z","99","898","911"
"183.81.153.153","elite","AS24527","ID","Internet Service Provider","177","POP Bogor","5678","socks4","1010","1","2023-01-26T11:08:13.873Z","99","906","912"
"212.126.5.245","elite","AS8364","PL","Institute of Bioorganic Chemistry Polish Academy of Science","27","Pozman ZOO","42344","socks4","1098","1","2023-01-26T11:08:13.458Z","100","912","914"
"114.242.116.59","elite","AS4808","CN","China Unicom Beijing province network","298","N/A","4145","socks4","977","1","2023-01-26T11:08:13.874Z","99","900","910"
"181.65.121.34","elite","AS6147","PE","TDP-GRS","166","PE-TDP-GRS","8080","socks4","1213","1","2023-01-26T11:08:13.140Z","100","797","797"
"213.172.89.227","elite","AS13099","AZ","AzEuroTel Telecommunications J.V","92","Azertelecom LLC","4153","socks4","940","1","2023-01-26T11:08:13.158Z","99","910","915"
"173.249.2.150","elite","AS51167","DE","Contabo GmbH","15","Contabo GmbH","57725","socks4","1055","1","2023-01-26T11:08:13.871Z","100","800","801"
"103.240.33.209","elite","AS132923","IN","Vihaan Telecommunication Pvt. Ltd.","193","Vihaan","8291","socks4","1062","1","2023-01-26T11:08:13.459Z","99","906","916"
"88.99.191.147","elite","AS24940","DE","Hetzner Online GmbH","14","Hetzner","9050","socks4","1230","1","2023-01-26T11:08:13.139Z","100","903","903"
"117.54.201.93","elite","AS9340","ID","PT IndoInternet","184","N/A","5678","socks4","1205","1","2023-01-26T11:08:13.140Z","99","900","910"
"104.16.106.154","elite","AS13335","CA","Cloudflare, Inc.","1","Cloudflare, Inc.","80","socks4","916","1","2023-01-26T11:08:13.482Z","100","838","838"
"85.240.180.190","elite","AS3243","PT","PT Comunicacoes S.A.","33","PT Comunicacoes S.A.","5678","socks4","1028","1","2023-01-26T11:08:13.872Z","94","849","899"
"47.113.189.83","elite","AS37963","CN","Hangzhou Alibaba Advertising Co., Ltd.","216","Aliyun Computing Co., LTD","10012","socks4","883","1","2023-01-26T11:08:13.486Z","75","661","876"
"5.56.133.132","elite","AS50673","AE","Serverius","11","Kako Host Communications Inc.","3128","http","1122","607","2023-01-26T11:08:12.352Z","95","758","800"
"216.154.201.132","elite","AS20141","US","Quality Technology Services","92","Crown Tech Computer Services","54321","socks4","1215","1","2023-01-26T11:08:12.334Z","100","861","861"
"105.213.132.15","elite","AS16637","ZA","MTN SA","181","MTN SA","5678","socks4","1226","1","2023-01-26T11:08:12.337Z","98","857","878"
"103.93.177.97","elite","AS133647","IN","Elxire Data Services Pvt. Ltd.","177","Zipcomp","5678","socks4","854","1","2023-01-26T11:08:12.352Z","83","762","915"
"203.159.92.199","elite","AS56309","TH","Siamdata Communication Co., ltd.","237","ReadyIDC Co., Ltd","3080","socks5","965","1","2023-01-26T11:08:12.349Z","97","874","905"
"91.93.143.14","elite","AS34984","TR","Superonline Iletisim Hizmetleri A.S.","67","Superonline Iletisim Hizmetleri","4153","socks4","1275","1","2023-01-26T11:08:12.820Z","100","910","912"
"27.128.206.18","elite","AS4134","CN","Chinanet","214","Chinanet HE","7302","socks5","1164","1","2023-01-26T11:08:12.824Z","97","884","910"
"104.207.144.254","elite","AS20473","US","The Constant Company","101","Vultr Holdings, LLC","8118","socks5","1267","1","2023-01-26T11:08:12.820Z","99","840","851"
"91.244.69.154","elite","AS59593","UA","PE Season Service","55","PE Season Service","5678","socks4","1287","1","2023-01-26T11:08:12.819Z","66","523","797"
"128.199.93.105","elite","AS14061","SG","DigitalOcean, LLC","175","DigitalOcean, LLC","24115","socks4","1003","1","2023-01-26T11:08:12.575Z","96","829","868"
"38.113.171.1","elite","AS174","CA","Cogent Communications","92","eTor Networks","31596","socks4","1057","1","2023-01-26T11:08:12.573Z","100","914","915"
"197.235.15.249","elite","AS37223","MZ","VM  S.A","337","VM S.A","4153","socks4","1183","4","2023-01-26T11:08:12.338Z","48","439","916"
"177.107.217.112","elite","AS263506","BR","NTCNET Provedores de Acesso a Internet Ltda","257","NTCNET Provedores de Acesso a Internet Ltda","4145","socks4","1159","1","2023-01-26T11:08:12.545Z","99","865","875"
"112.74.104.232","elite","AS37963","CN","Addresses CNNIC","209","Aliyun Computing Co., LTD","8888","http","1086","602","2023-01-26T11:08:12.353Z","93","738","796"
"157.119.224.117","elite","AS59169","IN","Kngd Infosys PVT LTD","178","Kngd Infosys PVT LTD","4145","socks4","1048","1","2023-01-26T11:08:12.573Z","92","798","870"
"103.115.255.1","elite","AS137868","BD","Star Internet Service","196","Md. Murad Hossain Ripon","36331","socks4","1040","1","2023-01-26T11:08:12.574Z","96","789","818"
"198.8.94.174","elite","AS46562","US","Performive LLC","134","Total Server Solutions L.L.C","39078","socks5","1018","1","2023-01-26T11:08:12.348Z","96","767","801"
"70.90.67.137","elite","AS7922","US","Comcast Cable Communications, LLC","125","Comcast Cable Communications, LLC","54321","socks4","1248","1","2023-01-26T11:08:12.821Z","96","875","915"
"159.89.138.130","elite","AS14061","US","DigitalOcean, LLC","146","Digital Ocean","80","socks4","864","1","2023-01-26T11:08:12.840Z","100","809","809"
"92.255.172.214","elite","AS41682","RU","CJSC \"ER-Telecom Holding\" Tyumen' branch","67","CJSC \"ER-Telecom Holding\" Tyumen branch","8080","socks5","1174","1","2023-01-26T11:08:12.336Z","100","808","809"
"185.66.228.149","elite","AS201689","IR","Lamerd Information & Communication Technology Co., ltd","128","N/A","4145","socks4","914","1","2023-01-26T11:08:12.567Z","91","831","915"
"103.70.159.132","elite","AS133720","IN","speednet","132","N/A","5678","socks4","1190","1","2023-01-26T11:08:12.335Z","99","893","904"
"103.70.204.65","elite","AS135712","IN","Euron Communications Pvt. Ltd","226","Euron Communications Pvt. Ltd.","59311","socks4","1155","1","2023-01-26T11:08:12.825Z","99","880","885"
"104.218.198.168","elite","AS20454","US","Secured Servers LLC","142","BraveWay","50223","socks5","1020","1","2023-01-26T11:08:12.574Z","100","867","870"
"95.182.78.4","elite","AS50648","UA","PE UAinet","55","PE UAinet","5678","socks4","1259","1","2023-01-26T11:08:12.821Z","98","861","882"
"182.253.166.170","elite","AS17451","ID","BIZNET","190","N/A","5678","socks4","1183","1","2023-01-26T11:08:12.823Z","97","888","916"
"203.34.28.166","elite","AS209242","VG","Cloudflare London, LLC","1","Anaga Consulting Limited","80","socks4","1072","1","2023-01-26T11:08:12.838Z","100","897","898"
"177.125.206.157","elite","AS262346","BR","FP Telecomunicacoes Ltda","207","FP Telecomunicacoes Ltda","4145","socks4","1222","1","2023-01-26T11:08:11.377Z","73","601","819"
"134.236.60.28","elite","AS131090","TH","CAT-BB","195","N/A","8080","socks4","1212","1","2023-01-26T11:08:11.355Z","42","338","800"
"186.1.7.13","elite","AS18840","NI","Equipos Y Sistemas S.A.","144","Equipos Y Sistemas S.A","4153","socks4","1190","1","2023-01-26T11:08:11.144Z","99","893","900"
"185.32.47.145","elite","AS200154","AZ","Izone LLC","85","IZONE Broadband Services","4153","socks4","1222","1","2023-01-26T11:08:11.663Z","100","879","881"
"173.255.202.28","elite","AS63949","US","Linode, LLC","117","Linode","39319","socks5","1108","1","2023-01-26T11:08:11.685Z","99","793","798"
"45.7.177.210","elite","AS266626","BR","Litoral Telecom","197","Litoral Telecom","39867","socks4","1302","1","2023-01-26T11:08:11.122Z","99","874","881"
"116.90.208.151","elite","AS38502","ID","PT Multi Data Palembang","197","N/A","5678","socks4","1256","1","2023-01-26T11:08:11.124Z","98","895","916"
"1.0.154.228","elite","AS23969","TH","TOT Public Company Limited","160","TOT Public Company Limited","4145","socks4","1173","1","2023-01-26T11:08:11.144Z","62","493","798"
"128.199.222.43","anonymous","AS14061","SG","DigitalOcean, LLC","172","DigitalOcean, LLC","3128","http","1238","1561","2023-01-26T11:08:11.686Z","99","893","899"
"69.163.162.253","elite","AS26347","US","New Dream Network, LLC","151","New Dream Network, LLC","20676","socks5","1223","1","2023-01-26T11:08:11.355Z","100","910","911"
"139.60.231.35","elite","AS62642","US","Bigleaf Networks","162","ITDreamwire, LLC","47255","socks4","1201","1","2023-01-26T11:08:11.355Z","94","803","852"
"213.186.202.149","elite","AS6703","UA","PRIVATE JOINT-STOCK COMPANY \"FARLEP-INVEST\"","40","VEGA TG","5678","socks4","1230","1","2023-01-26T11:08:11.663Z","53","458","863"
"170.238.180.21","elite","AS266331","BR","Global Net Informatica Ltda","215","Global Net Informatica Ltda","4145","socks4","1256","1","2023-01-26T11:08:11.353Z","99","835","840"
"112.250.211.161","elite","AS4837","CN","China Unicom CHINA169 Shandong Province Network","179","N/A","38801","socks4","1293","1","2023-01-26T11:08:11.661Z","93","776","835"
"202.4.107.69","elite","AS23956","BD","dhakaCom Limited","184","DhakaCom Limited","5678","socks4","1240","1","2023-01-26T11:08:11.142Z","96","875","911"
"85.214.94.105","elite","AS6724","DE","Strato AG","23","Strato AG","12126","socks4","994","1","2023-01-26T11:08:11.971Z","100","833","834"
"199.195.249.15","elite","AS53667","US","FranTech Solutions","73","FranTech Solutions","30085","socks4","1113","1","2023-01-26T11:08:11.967Z","100","873","875"
"46.174.234.96","elite","AS15874","PL","Interkam Szczepanik Spolka Komandytowa","45","Interkam Szczepanik Spolka Komandytowa","5678","socks4","1244","1","2023-01-26T11:08:11.354Z","99","874","880"
"103.78.54.10","elite","AS135654","BD","Internet @ Home Limited","182","N/A","4153","socks4","1285","1","2023-01-26T11:08:11.662Z","88","789","898"
"157.185.161.100","elite","AS54994","US","Quantil Networks Inc","137","Quantil Networks Inc","26589","socks5","1196","1","2023-01-26T11:08:11.370Z","100","791","794"
"200.152.107.102","elite","AS21571","BR","MLS Wireless S/A","208","MLS Projetos de Informatica","1080","socks5","1165","1","2023-01-26T11:08:11.378Z","98","778","794"
"104.19.5.247","elite","AS13335","CA","Cloudflare, Inc.","2","Cloudflare, Inc.","80","socks4","1292","1","2023-01-26T11:08:10.000Z","100","875","875"
"67.205.2.25","elite","AS26347","US","New Dream Network, LLC","79","New Dream Network, LLC","39852","socks5","1217","1","2023-01-26T11:08:10.777Z","95","794","838"
"174.108.154.193","elite","AS11426","US","Spectrum","106","Fastlink Communications","32940","socks4","1260","1","2023-01-26T11:08:10.738Z","100","914","915"
"114.141.61.2","elite","AS38772","ID","PT. Smartlink Global Media.","182","N/A","4145","socks4","1238","1","2023-01-26T11:08:10.353Z","99","909","915"
"177.38.5.172","elite","AS52964","BR","FÁBIO MENDES DIAS LTDA ME","222","FÁBIO MENDES DIAS LTDA ME","4153","socks4","1258","1","2023-01-26T11:08:10.008Z","97","818","842"
"61.182.224.169","elite","AS4837","CN","CNC Group CHINA169 Hebei Province Network","179","N/A","7300","socks5","1280","1","2023-01-26T11:08:10.002Z","99","888","893"
"202.157.76.67","anonymous","AS17753","IN","Data Infosys Ltd","163","N/A","3129","http","1269","781","2023-01-26T11:08:10.359Z","100","796","798"
"165.165.134.1","elite","AS5713","ZA","Telkom SA Ltd.","189","Telkom SA Limited","4153","socks4","1083","1","2023-01-26T11:08:10.320Z","99","864","870"
"36.37.104.99","elite","AS4800","ID","LINTASARTA","225","N/A","34040","socks4","1130","1","2023-01-26T11:08:10.319Z","99","810","818"
"155.225.2.72","elite","AS53257","US","The Citadel","97","The Citadel","3127","socks4","1268","1","2023-01-26T11:08:10.007Z","100","873","875"
"80.63.84.58","anonymous","AS3292","DK","TDC A/S","27","TDC Tele Danmark","8081","http","1104","775","2023-01-26T11:08:10.320Z","100","797","797"
"1.116.73.168","elite","AS45090","CN","China Internet Network Information Center","182","Tencent cloud computing (Beijing) Co., Ltd.","8989","socks5","1197","1","2023-01-26T11:08:10.358Z","96","867","902"
"117.186.40.30","elite","AS24400","CN","China Mobile communications corporation","243","China Mobile","1080","socks4","1247","1","2023-01-26T11:08:10.352Z","98","859","877"
"193.106.231.145","elite","AS50767","PL","FIBERLINK Sp. z o.o.","25","FIBERLINK Sp z o.o.","4145","socks4","1235","2","2023-01-26T11:08:10.739Z","100","914","916"
"162.255.108.225","elite","AS54755","US","Desert Winds Wireless","150","Desert Winds Wireless Inc","5678","socks4","1031","1","2023-01-26T11:08:09.984Z","100","913","915"
"203.77.240.74","elite","AS9228","ID","PT. Total Info Kharisma","217","Centralonline","4145","socks4","1086","1","2023-01-26T11:08:09.627Z","89","801","899"
"45.7.177.255","elite","AS266626","BR","Litoral Telecom","197","Litoral Telecom","39867","socks4","964","1","2023-01-26T11:08:09.986Z","99","825","833"
"103.78.54.67","elite","AS135654","BD","Internet @ Home Limited","179","N/A","4153","socks4","1070","1","2023-01-26T11:08:09.628Z","87","796","916"
"185.204.197.25","elite","AS60631","IR","Pars Parva System LLC","91","Pars Parva System LLC","8080","socks4","1274","1","2023-01-26T11:08:09.646Z","97","779","804"
"31.128.248.1","elite","AS208139","UA","ISP Avator","40","\"Merlin-Telekom\" LLC","1080","socks5","1303","1","2023-01-26T11:08:09.653Z","96","867","904"
"170.80.91.12","elite","AS264820","CR","Corebases S.A","160","Corebases S.A","4145","socks4","996","1","2023-01-26T11:08:09.985Z","99","902","912"
"103.247.121.115","anonymous","AS55666","ID","PT Media Sarana Data","181","Gmedia ID Bali","8080","http","1122","799","2023-01-26T11:08:09.237Z","100","798","800"
"104.16.108.149","elite","AS13335","CA","Cloudflare, Inc.","2","Cloudflare, Inc.","80","socks4","1288","1","2023-01-26T11:08:09.648Z","100","810","810"
"179.40.75.1","elite","AS22927","AR","Telefonica de Argentina","239","Telefonica de Argentina","61362","socks4","1130","1","2023-01-26T11:08:09.204Z","99","900","913"
"43.134.238.25","elite","AS132203","SG","Aceville Pte.ltd","229","N/A","443","socks4","1233","1","2023-01-26T11:08:09.654Z","88","769","873"
"38.127.172.18","elite","AS174","US","Cogent Communications","83","Torlandia Trading SRL","11537","socks5","1311","1","2023-01-26T11:08:09.653Z","100","854","856"
"1.32.57.85","elite","AS4788","MY","Telekom Malaysia Berhad","156","N/A","5678","socks4","1013","1","2023-01-26T11:08:09.985Z","100","913","915"
"159.223.112.221","elite","AS14061","US","DigitalOcean, LLC","85","DigitalOcean, LLC","13988","socks4","1251","1","2023-01-26T11:08:08.875Z","70","591","841"
"103.83.232.122","elite","AS136215","BD","Mohammad Masfiequr Rahaman & Rony Saha T/A SB NETWORK","200","N/A","80","http","1052","770","2023-01-26T11:08:08.870Z","99","793","800"
"108.175.24.1","elite","AS33258","US","Computer Solutions","114","Computer Solutions","13135","socks4","1185","1","2023-01-26T11:08:08.056Z","99","903","916"
"46.101.37.189","elite","AS14061","GB","DigitalOcean, LLC","12","Digitalocean","7497","socks5","1243","1","2023-01-26T11:08:08.877Z","100","866","866"
"82.117.204.174","elite","AS31042","RS","Serbia BroadBand","31","N/A","5678","socks4","1055","1","2023-01-26T11:08:08.498Z","100","836","840"
"117.58.245.66","elite","AS38744","BD","Always On Network Bangladesh Ltd.","164","Always On Network Bangladesh Ltd","61393","socks4","1177","1","2023-01-26T11:08:08.057Z","97","890","915"
"148.251.232.232","elite","AS24940","DE","Hetzner Online GmbH","16","Hetzner","30263","socks4","1005","1","2023-01-26T11:08:08.499Z","100","901","903"
"203.24.103.131","elite","AS209242","VG","Cloudflare London, LLC","1","Anaga Consulting Limited","80","socks4","1021","1","2023-01-26T11:08:08.499Z","100","839","840"
"103.229.83.106","elite","AS10075","BD","Fiber@Home Global Limited","194","Fiber @ Home Limited","6789","socks4","1193","1","2023-01-26T11:08:08.055Z","99","908","914"
"46.227.37.149","elite","AS51155","PL","Telemedian - TB Telecom","37","Telemedian","1088","socks4","1195","1","2023-01-26T11:08:08.843Z","99","905","912"
"185.190.38.150","anonymous","AS211468","XK","Kadri Haxhiaj trading as \"B.I.\"","51","KadriaNet","8080","http","1384","710","2023-01-26T11:08:08.062Z","99","795","799"
"176.236.14.2","elite","AS34984","TR","Superonline Iletisim Hizmetleri A.S.","59","KutahyaBelediye","4153","socks4","1169","1","2023-01-26T11:08:08.057Z","99","897","902"
"202.46.36.196","elite","AS24413","CN","263 Shanghai Communications Ltd.","189","Sunrise","10800","socks5","1107","1","2023-01-26T11:08:08.869Z","75","670","893"
"216.107.129.135","elite","AS61317","US","Colocation America Corporation","96","Ipxo LLC","10180","socks5","1042","1","2023-01-26T11:08:08.081Z","100","841","841"
"162.0.220.214","elite","AS22612","US","Namecheap, Inc.","132","Namecheap, Inc.","52889","socks4","1185","1","2023-01-26T11:08:08.843Z","100","871","873"
"45.231.221.193","anonymous","AS28424","MX","Distrokom S De RL De CV","146","Distrokom S De RL De CV","999","http","1213","785","2023-01-26T11:08:08.844Z","98","902","916"
"171.88.69.214","elite","AS4134","CN","Chinanet","239","Chinanet SC","1080","socks5","1099","1","2023-01-26T11:08:08.506Z","80","650","808"
"210.245.51.23","elite","AS18403","VN","FPT Telecom Company","211","Vietnam Internet Network Information Center","4145","socks4","1038","1","2023-01-26T11:08:08.079Z","98","894","913"
"103.36.11.122","elite","AS133360","ID","PT Awinet Global Mandiri","190","N/A","4145","socks4","973","1","2023-01-26T11:08:08.500Z","98","900","916"
"5.181.93.127","elite","AS50825","CZ","broadband pppoe","27","N/A","4153","socks4","1114","1","2023-01-26T11:08:08.505Z","96","880","914"
"198.98.49.197","elite","AS53667","US","FranTech Solutions","73","FranTech Solutions","30346","socks4","1095","1","2023-01-26T11:08:08.078Z","100","879","879"
"101.51.104.215","elite","AS23969","TH","TOT Public Company Limited","152","TOT Public Company Limited","4145","socks4","1224","1","2023-01-26T11:08:08.877Z","60","530","885"
"201.158.120.44","elite","AS264657","AR","Cibernek SRL","235","Cibernek SRL","45504","socks4","981","1","2023-01-26T11:08:08.500Z","99","890","903"
"213.6.66.66","elite","AS12975","PS","Palestine Telecommunications Company","57","Palestine Telecommunications Company","57391","socks4","1138","1","2023-01-26T11:08:08.504Z","97","769","796"
"93.104.211.69","anonymous","AS8767","DE","MNET","26","Contabo GmbH","21","http","1401","711","2023-01-26T11:08:08.061Z","100","797","797"
"188.95.20.138","elite","AS198471","IT","Linkem IR WiMAX Network","37","N/A","5678","socks4","1214","1","2023-01-26T11:08:08.480Z","96","765","797"
"185.140.102.218","elite","AS203272","PL","Netservice","124","N/A","5678","socks4","1359","1","2023-01-26T11:08:07.294Z","95","817","858"
"182.253.142.7","elite","AS17451","ID","Biznet Networks","182","MetroNET","4145","socks4","1299","1","2023-01-26T11:08:07.003Z","58","515","883"
"105.27.199.218","elite","AS37100","ZA","SEACOM Limited","176","Seacom Assignments","5678","socks4","1152","1","2023-01-26T11:08:07.020Z","98","864","878"
"223.25.98.84","elite","AS9341","ID","PT Indonesia Comnets Plus","210","Sinerginet","5678","socks4","1170","1","2023-01-26T11:08:07.019Z","88","792","897"
"210.179.101.88","elite","AS4766","KR","Korea Telecom","230","N/A","3128","socks5","1121","1","2023-01-26T11:08:07.315Z","100","866","867"
"159.223.173.147","elite","AS14061","US","DigitalOcean, LLC","82","DigitalOcean, LLC","27188","socks5","1391","1","2023-01-26T11:08:07.293Z","100","900","900"
"187.85.6.5","elite","AS262659","BR","Ultrawave Telecom","229","Ultrawave Telecom","5678","socks4","1262","1","2023-01-26T11:08:07.622Z","93","778","836"
"197.234.13.39","elite","AS36902","SC","Intelvision","174","Intelvision Ltd","4145","socks4","1306","1","2023-01-26T11:08:07.295Z","100","872","875"
"103.79.96.213","elite","AS64308","ID","PT IndoDev Niaga Internet","182","PT IndoDev Niaga Internet","4153","socks4","1298","1","2023-01-26T11:08:07.295Z","100","908","910"
"139.162.46.64","elite","AS63949","SG","Linode, LLC","147","Linode, LLC","8080","socks5","1320","1","2023-01-26T11:08:07.621Z","100","877","877"
"117.102.72.114","elite","AS17451","ID","Biznet Networks","173","Prepaid","4153","socks4","1310","1","2023-01-26T11:08:07.002Z","99","910","916"
"189.201.191.18","elite","AS28438","MX","ATC HOLDING FIBRA MEXICO, S. DE R.L. DE C.V.","141","ATC HOLDING FIBRA MEXICO, S. DE R.L. DE C.V","4145","socks4","1330","1","2023-01-26T11:08:07.621Z","100","912","915"
"187.157.30.202","elite","AS8151","MX","Uninet S.A. de C.V.","155","Uninet S.A. de C.V.","4153","socks4","1287","1","2023-01-26T11:08:07.622Z","99","893","902"
"27.123.1.36","elite","AS45706","ID","PT Tele Globe Global","165","N/A","4153","socks4","1355","1","2023-01-26T11:08:07.001Z","100","901","904"
"46.55.161.113","elite","AS51582","BG","ASNET Ltd","40","N/A","5678","socks5","1162","1","2023-01-26T11:08:07.020Z","100","853","854"
"185.158.114.235","elite","AS44812","RU","IpServer","50","IT Expert LLC","25710","socks4","1154","1","2023-01-26T11:08:07.642Z","99","869","877"
"202.77.121.178","elite","AS9905","ID","LINKNET","189","N/A","4153","socks4","1241","1","2023-01-26T11:08:07.623Z","100","853","855"
"31.206.38.50","elite","AS15924","TR","Vodafone NET Iletisim Hizmetleri Anonim Sirketi","76","Vfnet Data Support","37630","socks4","1138","1","2023-01-26T11:08:07.643Z","100","914","916"
"178.212.48.70","elite","AS197025","PL","Lubuskie Sieci Swiatlowodowe Sp. z o. o.","34","Lubuskie Sieci Swiatlowodowe Sp. z o. o","1080","socks4","1153","1","2023-01-26T11:08:07.015Z","100","916","917"
"185.170.233.105","elite","AS206912","CY","Superdach LTD","66","Infra","47574","socks4","1371","1","2023-01-26T11:08:07.000Z","100","895","895"
"103.95.97.54","elite","AS136759","BD","Cosmopolitan Communications Limited","284","Cosmopolitan Communications Limited","4153","socks4","1289","1","2023-01-26T11:08:07.296Z","98","880","902"
"36.89.252.122","elite","AS7713","ID","PT. Telekomunikasi Indonesia","195","Telekomunikasi Indonesia","5678","socks4","1136","1","2023-01-26T11:08:07.020Z","96","853","893"
"43.155.75.29","elite","AS132203","HK","Shenzhen Tencent Computer Systems Company Limited","244","Tencent Cloud Computing","24014","socks5","1060","1","2023-01-26T11:08:07.648Z","100","792","793"